                  epoch,         train/box_loss,         train/cls_loss,         train/dfl_loss,   metrics/precision(B),      metrics/recall(B),       metrics/mAP50(B),    metrics/mAP50-95(B),           val/box_loss,           val/cls_loss,           val/dfl_loss,                 lr/pg0,                 lr/pg1,                 lr/pg2
                      1,                 7.1803,                 14.641,                 7.1563,                 0.0001,                0.00336,                  6e-05,                  1e-05,                 7.9656,                 12.098,                  8.346,             0.00041152,             0.00041152,             0.00041152
                      2,                 7.2944,                 13.894,                 7.5791,                0.00016,                0.00336,                0.00011,                  2e-05,                 7.8332,                  12.29,                 8.4322,             0.00082546,             0.00082546,             0.00082546
                      3,                 7.6763,                 13.107,                 7.5661,                0.00052,                0.00839,                0.00028,                  8e-05,                  8.195,                 42.102,                 17.859,              0.0012366,              0.0012366,              0.0012366
                      4,                 7.1577,                 12.937,                 6.9143,                0.00062,                0.00362,                0.00016,                  6e-05,                   8.06,                 49.385,                 23.468,              0.0012376,              0.0012376,              0.0012376
                      5,                 7.0522,                  11.81,                 7.2016,                0.00102,                0.00503,                0.00036,                0.00011,                 8.2897,                 26.079,                 21.011,              0.0012335,              0.0012335,              0.0012335
                      6,                 7.2432,                 10.992,                 7.2608,                0.25108,                0.02013,                0.00052,                0.00015,                 7.7261,                 284.34,                 23.133,              0.0012294,              0.0012294,              0.0012294
                      7,                 6.5856,                 11.291,                 6.9443,                0.75714,                0.00168,                0.00064,                0.00019,                 7.7264,                 232.74,                 17.871,              0.0012252,              0.0012252,              0.0012252
                      8,                 6.8246,                  10.62,                 6.9129,                0.75095,                0.01678,                0.00046,                0.00014,                 7.7515,                 398.14,                 17.477,              0.0012211,              0.0012211,              0.0012211
                      9,                 7.0409,                 10.413,                 6.7435,                0.75084,                 0.0151,                0.00047,                0.00013,                 7.8359,                 386.74,                 19.014,               0.001217,               0.001217,               0.001217
                     10,                 7.1035,                 10.038,                 6.6242,                0.75195,                0.01342,                0.00056,                0.00016,                 7.7102,                 56.059,                 13.997,              0.0012129,              0.0012129,              0.0012129
                     11,                 6.9214,                 9.2721,                 6.5244,                0.75301,                0.01007,                0.00088,                0.00025,                 7.6227,                 18.456,                  9.494,              0.0012087,              0.0012087,              0.0012087
                     12,                 6.6681,                  9.266,                 6.0534,                0.75265,                0.00671,                0.00083,                0.00022,                 7.7626,                  13.83,                 9.3107,              0.0012046,              0.0012046,              0.0012046
                     13,                 6.8772,                 9.1138,                 5.9716,                0.75622,                0.00839,                0.00133,                0.00037,                 7.6441,                 16.962,                 9.4367,              0.0012005,              0.0012005,              0.0012005
                     14,                 6.5554,                 8.5511,                 5.8803,                0.00198,                0.06544,                0.00259,                0.00071,                 7.1215,                 8.1227,                 6.9004,              0.0011964,              0.0011964,              0.0011964
                     15,                 6.7194,                  8.363,                 5.7569,                 0.7675,                0.00503,                0.00259,                0.00077,                 7.3739,                 10.442,                 6.7357,              0.0011922,              0.0011922,              0.0011922
                     16,                 6.6389,                 8.0908,                 5.5475,                0.75298,                0.01174,                 0.0015,                0.00055,                 7.2072,                 16.794,                 6.9104,              0.0011881,              0.0011881,              0.0011881
                     17,                 6.4774,                 7.9236,                   5.63,                0.00184,                0.06711,                0.00142,                0.00046,                 7.0654,                 53.596,                 6.4982,               0.001184,               0.001184,               0.001184
                     18,                  6.455,                 7.9225,                 5.4146,                0.00567,                0.08725,                0.00395,                0.00086,                 7.0894,                 26.469,                 6.4086,              0.0011799,              0.0011799,              0.0011799
                     19,                 6.4758,                 8.0212,                 5.2675,                 0.0046,                0.08893,                0.00324,                 0.0009,                  7.015,                 9.9223,                 6.2717,              0.0011757,              0.0011757,              0.0011757
                     20,                  6.591,                 7.4284,                 5.1722,                0.00515,                0.09255,                0.00371,                0.00104,                 6.9268,                 17.468,                 7.0628,              0.0011716,              0.0011716,              0.0011716
                     21,                 6.0648,                 7.5134,                 4.9521,                0.00796,                0.10819,                0.00562,                 0.0012,                 6.8125,                 8.7267,                 5.8358,              0.0011675,              0.0011675,              0.0011675
                     22,                 6.4297,                 7.7526,                 5.0365,                0.00447,                0.10571,                0.00409,                0.00106,                 6.6532,                 7.2034,                 5.3792,              0.0011634,              0.0011634,              0.0011634
                     23,                 6.4871,                 7.1396,                 4.8793,                0.00641,                0.12752,                0.00576,                0.00126,                 6.5832,                 6.8507,                 5.2634,              0.0011593,              0.0011593,              0.0011593
                     24,                 6.0814,                 7.2901,                 4.7071,                 0.0047,                0.10906,                0.00642,                0.00172,                 6.5828,                 6.7511,                 5.2169,              0.0011551,              0.0011551,              0.0011551
                     25,                 6.3523,                 6.9765,                 4.7205,                0.51433,                0.04362,                0.01298,                0.00393,                 6.4148,                 6.5534,                 5.0251,               0.001151,               0.001151,               0.001151
                     26,                 6.4094,                 6.7698,                 4.7271,                 0.7762,                0.02517,                0.01209,                0.00302,                 6.5691,                 6.5316,                 4.8291,              0.0011469,              0.0011469,              0.0011469
                     27,                 6.0147,                 7.2448,                 4.5514,                0.77373,                0.02013,                0.01287,                0.00362,                 6.5151,                 6.5502,                 4.7872,              0.0011428,              0.0011428,              0.0011428
                     28,                 6.0398,                 6.9086,                 4.5726,                0.00925,                0.15208,                0.01516,                0.00453,                 6.3673,                 6.6277,                 5.0215,              0.0011386,              0.0011386,              0.0011386
                     29,                 6.2638,                 6.6842,                 4.4259,                0.51445,                0.04195,                0.01442,                0.00428,                 6.4301,                 6.3866,                 4.7558,              0.0011345,              0.0011345,              0.0011345
                     30,                 5.8847,                 6.8329,                 4.3804,                0.76959,                0.03523,                0.01211,                0.00368,                 6.5211,                 7.0008,                 4.7266,              0.0011304,              0.0011304,              0.0011304
                     31,                 6.2058,                 6.4718,                 4.2994,                0.76667,                 0.0302,                0.01067,                0.00333,                 6.6207,                 7.2137,                 4.9333,              0.0011263,              0.0011263,              0.0011263
                     32,                 6.3775,                 6.8812,                 4.3853,                0.76839,                 0.0302,                0.01105,                0.00382,                 6.5287,                 6.9266,                 4.7266,              0.0011221,              0.0011221,              0.0011221
                     33,                 6.1078,                 6.5558,                 4.3025,                0.25944,                0.08557,                0.01392,                0.00397,                 6.3356,                 7.5663,                  4.514,               0.001118,               0.001118,               0.001118
                     34,                 5.9992,                 6.3883,                   4.35,                0.51035,                0.07047,                0.00938,                0.00324,                 6.2705,                 8.2729,                 4.4662,              0.0011139,              0.0011139,              0.0011139
                     35,                 6.2337,                 6.3597,                 4.2492,                0.01189,                0.17081,                0.01137,                0.00387,                 6.2817,                 7.8936,                 4.4188,              0.0011098,              0.0011098,              0.0011098
                     36,                  6.085,                 6.2107,                 4.2981,                0.77167,                0.03523,                0.01567,                0.00495,                 6.4054,                 6.6259,                 4.4137,              0.0011056,              0.0011056,              0.0011056
                     37,                 6.3137,                 6.3133,                 4.3555,                0.77834,                0.04027,                0.01991,                0.00638,                 6.3705,                 6.3853,                 4.4226,              0.0011015,              0.0011015,              0.0011015
                     38,                 6.0349,                 5.9753,                 4.1786,                0.77881,                0.04698,                0.01965,                0.00689,                   6.33,                 6.2545,                 4.3671,              0.0010974,              0.0010974,              0.0010974
                     39,                 5.9529,                 5.9125,                   4.15,                0.77959,                0.04362,                0.02284,                0.00805,                 6.2585,                 6.0848,                  4.336,              0.0010933,              0.0010933,              0.0010933
                     40,                 5.9287,                 6.1232,                 4.1151,                0.77791,                0.03523,                0.01932,                0.00704,                  6.236,                 6.4028,                 4.2748,              0.0010891,              0.0010891,              0.0010891
                     41,                 5.9379,                 5.9349,                 4.2008,                0.78869,                0.02852,                0.02303,                0.00837,                 6.2088,                 6.0697,                 4.2816,               0.001085,               0.001085,               0.001085
                     42,                 5.9224,                 5.9216,                 4.0354,                0.80783,                0.03188,                0.02811,                0.01044,                 6.2158,                 6.0021,                 4.2148,              0.0010809,              0.0010809,              0.0010809
                     43,                 5.9238,                   5.72,                 4.0592,                 0.7878,                0.05201,                0.03011,                0.00842,                 6.3418,                 5.7218,                  4.229,              0.0010768,              0.0010768,              0.0010768
                     44,                 5.9834,                 5.9051,                 4.2727,                0.78334,                0.05369,                0.02557,                0.00792,                 6.0646,                 6.1983,                  4.227,              0.0010726,              0.0010726,              0.0010726
                     45,                 5.8058,                 5.5926,                 4.0449,                0.78021,                0.05369,                 0.0251,                0.00843,                 6.1059,                 6.3106,                 4.2124,              0.0010685,              0.0010685,              0.0010685
                     46,                 5.8033,                 5.7469,                 3.9381,                0.77075,                 0.0604,                0.02421,                0.00825,                 6.1326,                 7.6015,                 4.2456,              0.0010644,              0.0010644,              0.0010644
                     47,                 5.7733,                 5.5942,                 3.9977,                0.77256,                 0.0453,                0.02366,                0.00775,                 6.1333,                 6.5878,                 4.1774,              0.0010603,              0.0010603,              0.0010603
                     48,                 5.7983,                 5.6564,                 3.9574,                0.27833,                0.05369,                0.02211,                 0.0085,                 6.0135,                 5.7326,                 4.1932,              0.0010561,              0.0010561,              0.0010561
                     49,                 5.5488,                 5.8037,                   3.82,                0.53997,                0.05201,                 0.0264,                0.00983,                 6.0311,                  5.708,                 4.2015,               0.001052,               0.001052,               0.001052
                     50,                 5.7445,                 5.4163,                 3.8258,                0.79772,                0.04037,                0.02636,                0.00983,                  6.006,                 5.5673,                 4.1953,              0.0010479,              0.0010479,              0.0010479
                     51,                 5.8307,                 5.3529,                 3.8238,                0.79164,                0.05034,                0.02867,                0.01052,                 5.9679,                 5.8189,                 4.0531,              0.0010438,              0.0010438,              0.0010438
                     52,                 5.7897,                 5.4438,                  3.872,                0.79684,                0.05034,                0.03306,                0.01213,                 5.8297,                 5.5655,                  3.944,              0.0010396,              0.0010396,              0.0010396
                     53,                  5.809,                  5.658,                 3.8814,                0.28078,                0.08221,                0.03113,                0.01095,                  5.819,                 5.8897,                 3.9206,              0.0010355,              0.0010355,              0.0010355
                     54,                 5.7841,                 5.1498,                 3.7663,                0.53505,                0.06544,                0.03563,                 0.0133,                  5.842,                 5.7504,                 4.0171,              0.0010314,              0.0010314,              0.0010314
                     55,                  5.561,                 5.3021,                 3.7025,                 0.7832,                 0.0604,                0.04701,                 0.0148,                  5.875,                 5.4437,                 4.0614,              0.0010273,              0.0010273,              0.0010273
                     56,                 5.5956,                 5.1139,                 3.6938,                0.54396,                0.06376,                0.04308,                0.01588,                 5.8716,                 5.2402,                 4.0647,              0.0010231,              0.0010231,              0.0010231
                     57,                 5.5912,                 5.0167,                  3.757,                0.80663,                0.05369,                0.03762,                0.01375,                  5.789,                 5.0605,                 3.9768,               0.001019,               0.001019,               0.001019
                     58,                 5.5391,                 5.3173,                 3.9037,                0.80853,                0.05201,                0.04002,                0.01502,                  5.713,                 5.0605,                 3.9824,              0.0010149,              0.0010149,              0.0010149
                     59,                 5.4765,                 5.4303,                 3.8464,                0.81019,                0.04698,                0.04402,                0.01721,                 5.6209,                 5.1354,                 3.9205,              0.0010107,              0.0010107,              0.0010107
                     60,                 5.5327,                 5.1104,                 3.7627,                0.54379,                0.06208,                0.04475,                0.01768,                 5.6044,                 5.2859,                 3.9691,              0.0010066,              0.0010066,              0.0010066
                     61,                 5.5533,                 5.2037,                  3.808,                0.30366,                0.06879,                0.04705,                0.01844,                 5.6517,                 5.0254,                 3.9499,              0.0010025,              0.0010025,              0.0010025
                     62,                 5.2092,                 4.9357,                 3.5154,                0.30572,                0.07718,                0.05031,                 0.0192,                 5.7049,                 5.0335,                 3.8883,             0.00099837,             0.00099837,             0.00099837
                     63,                 5.4135,                 4.8298,                 3.6301,                0.79759,                0.05872,                0.04334,                0.01624,                 5.7721,                 5.2643,                 3.9677,             0.00099425,             0.00099425,             0.00099425
                     64,                 5.4549,                 4.9565,                 3.6468,                0.80083,                 0.0604,                0.04614,                0.01658,                 5.7518,                 5.0686,                 3.9132,             0.00099013,             0.00099013,             0.00099013
                     65,                 5.4714,                 4.8907,                  3.519,                0.80403,                0.06879,                0.04419,                0.01569,                 5.7428,                 5.0403,                 3.9327,               0.000986,               0.000986,               0.000986
                     66,                 5.5663,                 4.8093,                 3.4882,                0.29695,                 0.0755,                0.04506,                0.01643,                 5.6795,                 4.9823,                 3.8506,             0.00098187,             0.00098187,             0.00098187
                     67,                  5.454,                 4.7528,                 3.4885,                0.30677,                0.06879,                0.04608,                0.01647,                 5.6473,                 4.9429,                 3.8222,             0.00097775,             0.00097775,             0.00097775
                     68,                 5.4291,                 4.7241,                 3.5045,                0.04557,                0.07047,                0.04101,                0.01475,                 5.6265,                 5.0731,                 3.8482,             0.00097362,             0.00097362,             0.00097362
                     69,                 5.1381,                 4.6072,                 3.4183,                0.06974,                0.07913,                0.04181,                0.01551,                 5.6031,                 5.1727,                 3.8166,              0.0009695,              0.0009695,              0.0009695
                     70,                 5.3421,                 4.5234,                 3.5349,                0.56171,                0.06208,                 0.0474,                0.01812,                 5.5452,                  5.305,                  3.806,             0.00096537,             0.00096537,             0.00096537
                     71,                  5.308,                 4.6657,                 3.5624,                0.55791,                0.05705,                0.04352,                 0.0172,                 5.5488,                 5.4833,                 3.7873,             0.00096125,             0.00096125,             0.00096125
                     72,                 5.3133,                 4.4548,                 3.3911,                0.57731,                0.05705,                0.05238,                   0.02,                 5.5829,                 5.1686,                 3.7925,             0.00095712,             0.00095712,             0.00095712
                     73,                  5.176,                 4.5168,                 3.3716,                0.57958,                0.06879,                0.05907,                0.02151,                 5.6545,                 5.0065,                 3.8032,               0.000953,               0.000953,               0.000953
                     74,                 5.2819,                 4.7029,                 3.5988,                0.30661,                 0.0906,                0.06026,                0.02058,                 5.5568,                 4.6894,                 3.8216,             0.00094887,             0.00094887,             0.00094887
                     75,                 5.2226,                 4.6017,                 3.5418,                 0.0979,                0.08171,                0.06042,                0.02303,                 5.4814,                 4.8788,                 3.8253,             0.00094475,             0.00094475,             0.00094475
                     76,                 5.0414,                  4.517,                 3.4972,                0.19842,                0.08815,                0.05889,                0.02221,                 5.4366,                 4.8468,                 3.7588,             0.00094062,             0.00094062,             0.00094062
                     77,                 5.1754,                 4.4645,                 3.6029,                0.09172,                0.07939,                0.05281,                0.02129,                 5.4039,                 4.8278,                 3.7026,              0.0009365,              0.0009365,              0.0009365
                     78,                 5.1533,                   4.47,                 3.4673,                0.04518,                0.08557,                0.05899,                0.02197,                 5.3926,                 4.8726,                 3.6689,             0.00093238,             0.00093238,             0.00093238
                     79,                 5.1315,                 4.5334,                 3.4359,                0.04092,                0.09564,                0.05522,                0.02018,                 5.3762,                 4.9372,                 3.6609,             0.00092825,             0.00092825,             0.00092825
                     80,                 5.1045,                 4.5381,                 3.4758,                0.80899,                0.07718,                 0.0605,                0.02269,                 5.3159,                  4.832,                 3.6422,             0.00092413,             0.00092413,             0.00092413
                     81,                 5.0986,                 4.4127,                 3.2544,                 0.1037,                0.09525,                0.05512,                0.02148,                 5.4922,                 4.8203,                 3.6942,                0.00092,                0.00092,                0.00092
                     82,                 5.0796,                 4.5597,                 3.3701,                0.05331,                0.07886,                 0.0604,                0.02329,                 5.4532,                 4.8142,                 3.7016,             0.00091588,             0.00091588,             0.00091588
                     83,                 4.9638,                 4.3937,                 3.4322,                0.04822,                0.07698,                0.05997,                0.02256,                  5.474,                  4.796,                 3.6724,             0.00091175,             0.00091175,             0.00091175
                     84,                 4.9572,                 4.2778,                 3.3584,                0.12769,                0.09812,                0.06144,                0.02305,                 5.5109,                 4.6652,                 3.6943,             0.00090763,             0.00090763,             0.00090763
                     85,                 5.1838,                 4.5057,                 3.3945,                0.07978,                0.10094,                0.07021,                0.02342,                 5.4873,                 4.7103,                 3.7027,              0.0009035,              0.0009035,              0.0009035
                     86,                 5.1121,                   4.52,                 3.4693,                0.12648,                0.09087,                 0.0694,                0.02504,                 5.4408,                  4.698,                  3.694,             0.00089938,             0.00089938,             0.00089938
                     87,                 5.1224,                 4.6221,                 3.4604,                 0.0549,                0.07047,                 0.0541,                0.02167,                 5.5263,                 4.8104,                 3.7571,             0.00089525,             0.00089525,             0.00089525
                     88,                 5.0703,                  4.324,                 3.3586,                0.05215,                0.07342,                0.05132,                0.02018,                 5.4855,                  4.861,                 3.7085,             0.00089112,             0.00089112,             0.00089112
                     89,                 5.0963,                 4.3727,                 3.4451,                0.13821,                0.11772,                0.05588,                0.02265,                 5.4359,                 4.9668,                 3.6725,               0.000887,               0.000887,               0.000887
                     90,                 4.8222,                 4.0754,                  3.362,                0.14226,                 0.1292,                0.06534,                0.02793,                 5.4456,                 4.7943,                 3.6725,             0.00088288,             0.00088288,             0.00088288
                     91,                 5.0504,                 4.3272,                 3.2291,                0.16934,                0.13979,                0.07463,                0.02984,                 5.4235,                 4.7053,                 3.6307,             0.00087875,             0.00087875,             0.00087875
                     92,                 5.0352,                 4.0772,                 3.2353,                 0.1978,                0.14635,                0.07526,                0.02938,                  5.367,                 4.6635,                 3.6139,             0.00087462,             0.00087462,             0.00087462
                     93,                 4.9314,                 4.3412,                 3.2636,                0.14981,                0.12858,                0.08222,                0.02942,                 5.3108,                 4.5058,                 3.5208,              0.0008705,              0.0008705,              0.0008705
                     94,                 5.0263,                 4.1354,                 3.1841,                0.13915,                0.14032,                0.07313,                0.02774,                 5.2982,                 4.4233,                 3.5142,             0.00086637,             0.00086637,             0.00086637
                     95,                 4.9432,                 4.2391,                 3.2303,                0.13215,                0.16019,                0.07435,                0.02766,                 5.2665,                  4.413,                 3.5256,             0.00086225,             0.00086225,             0.00086225
                     96,                 4.9466,                 4.0214,                 3.1884,                0.08276,                0.12416,                0.07911,                0.02846,                 5.3543,                 4.5626,                 3.5411,             0.00085813,             0.00085813,             0.00085813
                     97,                 5.0422,                 4.2175,                 3.2039,                0.07404,                0.12699,                 0.0771,                0.02767,                 5.5296,                 4.6511,                 3.6353,               0.000854,               0.000854,               0.000854
                     98,                 4.9282,                 4.0472,                 3.1597,                0.12597,                0.12725,                0.07226,                 0.0272,                 5.5305,                 4.8097,                 3.6745,             0.00084988,             0.00084988,             0.00084988
                     99,                 4.7355,                 4.0857,                 3.1332,                0.10779,                0.09732,                0.06523,                0.02668,                 5.4445,                 4.8251,                 3.6576,             0.00084575,             0.00084575,             0.00084575
                    100,                 4.7931,                 4.1513,                 3.2614,                0.10881,                0.13247,                0.07935,                0.02814,                 5.4814,                 4.6183,                 3.6134,             0.00084162,             0.00084162,             0.00084162
                    101,                 4.8134,                  4.065,                  3.272,                0.09822,                 0.1118,                0.07527,                0.02971,                 5.3923,                 4.6515,                 3.5919,              0.0008375,              0.0008375,              0.0008375
                    102,                 4.7818,                 3.8634,                  3.198,                0.10208,                 0.1269,                0.07022,                0.03066,                 5.2883,                  4.665,                 3.5946,             0.00083337,             0.00083337,             0.00083337
                    103,                  4.715,                 4.0545,                 3.1168,                 0.0904,                0.13154,                0.06622,                0.02875,                 5.2972,                 4.7093,                 3.5894,             0.00082925,             0.00082925,             0.00082925
                    104,                 4.5133,                 3.8027,                 3.0967,                0.12428,                0.10483,                0.06444,                0.02121,                 5.5172,                 4.5518,                 3.6085,             0.00082513,             0.00082513,             0.00082513
                    105,                  4.859,                 4.0498,                 3.1836,                0.15674,                0.11262,                0.07576,                0.02697,                 5.4827,                 4.4634,                 3.5844,               0.000821,               0.000821,               0.000821
                    106,                 4.8479,                 3.9981,                 3.2623,                 0.1393,                0.11081,                0.08348,                 0.0316,                 5.4007,                 4.3906,                 3.5563,             0.00081688,             0.00081688,             0.00081688
                    107,                 4.7204,                 4.0306,                 3.1824,                0.14376,                0.15341,                0.08358,                0.03096,                 5.3048,                 4.5365,                 3.4894,             0.00081275,             0.00081275,             0.00081275
                    108,                 4.7703,                 4.1891,                 3.2304,                0.08624,                0.11737,                0.06579,                0.02617,                 5.3526,                 4.7916,                  3.527,             0.00080863,             0.00080863,             0.00080863
                    109,                 4.6195,                 3.9893,                 3.3076,                0.10659,                0.11763,                0.07286,                0.02751,                 5.3624,                 4.6674,                 3.5133,              0.0008045,              0.0008045,              0.0008045
                    110,                  4.728,                 4.0477,                 3.1963,                0.12127,                0.11234,                0.08428,                0.03236,                 5.2946,                 4.4604,                  3.479,             0.00080038,             0.00080038,             0.00080038
                    111,                 4.7816,                 4.0567,                 3.1856,                0.16017,                0.12188,                 0.0858,                0.03616,                 5.2633,                 4.4866,                 3.4422,             0.00079625,             0.00079625,             0.00079625
                    112,                 4.6563,                 3.9313,                 3.2104,                0.20563,                0.10376,                0.08752,                0.03779,                 5.2226,                 4.5498,                  3.462,             0.00079213,             0.00079213,             0.00079213
                    113,                 4.8035,                 3.9626,                  3.142,                 0.2623,                 0.0839,                0.06726,                0.02819,                 5.4086,                 4.9281,                 3.5838,               0.000788,               0.000788,               0.000788
                    114,                 4.6323,                 3.9611,                 3.1457,                0.16929,                0.09396,                0.07511,                0.02867,                 5.3455,                 4.6958,                  3.541,             0.00078387,             0.00078387,             0.00078387
                    115,                 4.6865,                 3.8688,                 3.0958,                0.12832,                 0.1451,                0.07741,                0.03091,                 5.2747,                 4.6519,                 3.4862,             0.00077975,             0.00077975,             0.00077975
                    116,                 4.7775,                 3.9715,                 3.0496,                0.12465,                0.12779,                0.07153,                0.03074,                 5.2676,                 4.6772,                 3.4892,             0.00077563,             0.00077563,             0.00077563
                    117,                  4.652,                 3.9181,                 3.0789,                0.12141,                 0.1292,                0.07493,                0.03122,                  5.286,                 4.5734,                 3.5203,              0.0007715,              0.0007715,              0.0007715
                    118,                 4.6016,                 3.8572,                 3.0792,                0.16016,                0.12081,                0.07345,                0.03089,                 5.3653,                 4.5552,                 3.5706,             0.00076738,             0.00076738,             0.00076738
                    119,                 4.8619,                 3.8798,                 3.0565,                0.11739,                0.16603,                0.08191,                0.03142,                  5.314,                 4.4773,                 3.5088,             0.00076325,             0.00076325,             0.00076325
                    120,                 4.5877,                 3.6822,                 3.0051,                0.12817,                0.16241,                0.08215,                0.03168,                 5.2779,                 4.3968,                 3.4886,             0.00075912,             0.00075912,             0.00075912
                    121,                 4.6212,                 3.8344,                  3.078,                0.10834,                0.12129,                0.07697,                0.03162,                 5.3063,                 4.3925,                 3.5165,               0.000755,               0.000755,               0.000755
                    122,                 4.7401,                 3.8152,                 3.0168,                0.18215,                0.13804,                0.09672,                0.03809,                 5.3281,                  4.519,                 3.5636,             0.00075088,             0.00075088,             0.00075088
                    123,                 4.5172,                 3.6804,                 3.0179,                0.17657,                0.12354,                0.10514,                0.04322,                 5.2949,                 4.4027,                 3.5249,             0.00074675,             0.00074675,             0.00074675
                    124,                 4.6696,                 3.7708,                 3.1764,                0.23001,                0.15684,                0.10747,                0.04453,                 5.3163,                 4.3474,                 3.5334,             0.00074263,             0.00074263,             0.00074263
                    125,                 4.5193,                 3.6901,                 3.0562,                0.22323,                0.16622,                0.11344,                0.04628,                 5.3822,                 4.3468,                 3.5426,              0.0007385,              0.0007385,              0.0007385
                    126,                 4.5642,                 3.7629,                  3.017,                0.19128,                0.16771,                0.10135,                0.04232,                 5.2928,                  4.379,                 3.5194,             0.00073437,             0.00073437,             0.00073437
                    127,                 4.5112,                 3.7121,                 3.0467,                0.18483,                0.15765,                0.11912,                0.04846,                 5.2104,                 4.4063,                 3.5401,             0.00073025,             0.00073025,             0.00073025
                    128,                  4.535,                  3.602,                 3.1218,                0.17692,                0.15208,                0.10859,                0.04999,                 5.3446,                 4.3637,                 3.5633,             0.00072612,             0.00072612,             0.00072612
                    129,                 4.6341,                  3.612,                 3.0346,                 0.2355,                0.15267,                0.11885,                 0.0507,                 5.3183,                 4.4193,                 3.5111,               0.000722,               0.000722,               0.000722
                    130,                 4.5516,                 3.7973,                   3.12,                0.21174,                0.16374,                0.11621,                0.04833,                 5.1475,                 4.1296,                 3.3602,             0.00071788,             0.00071788,             0.00071788
                    131,                 4.4297,                 3.5755,                 2.9164,                0.20196,                0.15064,                0.10639,                0.04825,                 5.1546,                 4.0876,                 3.4258,             0.00071375,             0.00071375,             0.00071375
                    132,                 4.6004,                 3.7486,                 2.9783,                0.23178,                0.14606,                0.11207,                0.04954,                   5.14,                 4.1381,                 3.4146,             0.00070962,             0.00070962,             0.00070962
                    133,                 4.4944,                 3.7835,                 3.1007,                0.19501,                0.14959,                0.11725,                0.04999,                 5.0679,                 4.2103,                 3.3824,              0.0007055,              0.0007055,              0.0007055
                    134,                 4.5963,                 3.7106,                 3.0976,                0.17164,                0.13392,                0.10873,                0.04666,                 5.3124,                 4.1593,                 3.4879,             0.00070137,             0.00070137,             0.00070137
                    135,                 4.4249,                 3.7184,                 3.0381,                0.21821,                0.13671,                0.11773,                0.05257,                 5.2918,                 4.1275,                 3.5001,             0.00069725,             0.00069725,             0.00069725
                    136,                 4.2611,                 3.4534,                 2.8268,                0.19099,                0.13895,                0.11865,                0.05356,                 5.2445,                  4.207,                 3.4511,             0.00069313,             0.00069313,             0.00069313
                    137,                 4.4954,                 3.5862,                 2.9745,                0.19631,                0.13698,                 0.1152,                0.05206,                 5.2109,                 4.4209,                 3.4715,               0.000689,               0.000689,               0.000689
                    138,                 4.2916,                 3.5379,                 2.9575,                0.18791,                0.14846,                0.10346,                0.04153,                 5.3197,                 4.5319,                 3.5707,             0.00068488,             0.00068488,             0.00068488
                    139,                 4.4242,                 3.4677,                 3.0269,                0.16062,                0.12382,                0.10277,                0.03955,                 5.2926,                 4.4777,                 3.5318,             0.00068075,             0.00068075,             0.00068075
                    140,                 4.5219,                 3.5091,                 2.9249,                0.15748,                0.12832,                0.09794,                0.03926,                 5.1625,                 4.4027,                 3.4716,             0.00067663,             0.00067663,             0.00067663
                    141,                 4.4095,                 3.5396,                  2.898,                0.14203,                0.16824,                0.10233,                0.04004,                 5.1244,                 4.3295,                 3.4399,              0.0006725,              0.0006725,              0.0006725
                    142,                 4.3953,                 3.4322,                 2.9332,                0.18071,                0.14953,                0.10709,                0.04562,                 5.1016,                 4.2052,                   3.44,             0.00066838,             0.00066838,             0.00066838
                    143,                 4.5533,                 3.6936,                 3.1364,                0.20905,                0.16842,                0.12655,                 0.0521,                  5.045,                 4.1148,                 3.3558,             0.00066425,             0.00066425,             0.00066425
                    144,                 4.3922,                  3.391,                 2.8495,                0.21597,                0.17805,                0.13736,                0.05934,                 5.0867,                 4.1108,                 3.3607,             0.00066013,             0.00066013,             0.00066013
                    145,                 4.3921,                 3.5326,                 2.8183,                0.25398,                 0.1508,                0.14331,                0.06169,                  5.231,                 4.2203,                 3.4865,               0.000656,               0.000656,               0.000656
                    146,                 4.3664,                  3.614,                 3.0277,                0.19278,                0.14934,                0.11734,                0.04942,                 5.1082,                 4.3292,                 3.4491,             0.00065188,             0.00065188,             0.00065188
                    147,                 4.4129,                 3.4734,                 2.9702,                0.18263,                0.14041,                0.10781,                0.04482,                 5.2168,                 4.3483,                 3.4855,             0.00064775,             0.00064775,             0.00064775
                    148,                 4.5731,                  3.523,                 2.9213,                0.15587,                0.16946,                0.11083,                0.04632,                 5.2595,                 4.2197,                  3.472,             0.00064362,             0.00064362,             0.00064362
                    149,                 4.2515,                 3.4313,                 2.9634,                0.17468,                0.17503,                0.11333,                0.04875,                 5.1158,                 4.1402,                 3.4139,              0.0006395,              0.0006395,              0.0006395
                    150,                 4.4607,                 3.5078,                 2.9072,                0.16596,                0.17167,                0.11169,                 0.0481,                  5.125,                 4.1113,                 3.4403,             0.00063538,             0.00063538,             0.00063538
                    151,                 4.2942,                 3.5021,                 2.9135,                0.17039,                0.14766,                0.10952,                0.04535,                 5.2046,                 4.1346,                 3.4756,             0.00063125,             0.00063125,             0.00063125
                    152,                 4.3567,                  3.499,                 2.9246,                0.18542,                 0.1496,                0.10756,                0.04395,                 5.2163,                  4.214,                 3.4614,             0.00062713,             0.00062713,             0.00062713
                    153,                 4.4099,                 3.4704,                 2.9334,                0.16249,                0.14451,                0.10969,                0.04615,                 5.2009,                 4.1323,                 3.4051,               0.000623,               0.000623,               0.000623
                    154,                 4.4108,                 3.3695,                 2.8631,                0.14413,                 0.1482,                0.10874,                0.04723,                 5.1256,                 4.1207,                 3.3934,             0.00061887,             0.00061887,             0.00061887
                    155,                 4.3378,                 3.4457,                 2.9086,                0.16701,                0.16764,                0.11315,                0.05185,                 5.1275,                 4.0654,                 3.4123,             0.00061475,             0.00061475,             0.00061475
                    156,                 4.2487,                 3.5013,                 2.9566,                0.18529,                0.14652,                0.11648,                0.05498,                 5.0998,                 4.1367,                 3.3912,             0.00061062,             0.00061062,             0.00061062
                    157,                 4.1716,                 3.3229,                 2.8008,                0.19167,                0.14031,                0.12698,                 0.0616,                 5.1501,                 4.2383,                 3.4207,              0.0006065,              0.0006065,              0.0006065
                    158,                 4.4547,                 3.5936,                 2.9718,                0.17688,                0.14343,                  0.122,                0.05621,                 5.1777,                 4.1234,                 3.4406,             0.00060238,             0.00060238,             0.00060238
                    159,                 4.4206,                 3.2993,                 2.9354,                0.19858,                0.14819,                0.11406,                0.05198,                 5.2428,                 4.1025,                 3.4827,             0.00059825,             0.00059825,             0.00059825
                    160,                 4.4067,                 3.3455,                 2.8436,                0.15863,                0.16356,                0.11402,                0.04652,                 5.1858,                 4.1394,                 3.4889,             0.00059413,             0.00059413,             0.00059413
                    161,                 4.4357,                 3.5676,                 2.9566,                0.23609,                0.15489,                0.11455,                0.05077,                 5.1862,                 4.2768,                 3.5035,                0.00059,                0.00059,                0.00059
                    162,                 4.4319,                 3.4017,                 2.8674,                0.27491,                 0.1359,                0.12853,                0.06115,                 5.1676,                 4.2032,                 3.4764,             0.00058588,             0.00058588,             0.00058588
                    163,                 4.3147,                 3.3566,                 2.9362,                0.27511,                0.14429,                 0.1347,                0.06406,                 5.0584,                 4.1446,                 3.3819,             0.00058175,             0.00058175,             0.00058175
                    164,                 4.3748,                 3.4762,                 2.9457,                0.34103,                0.12752,                0.11596,                0.05279,                 5.1959,                  4.121,                 3.4932,             0.00057763,             0.00057763,             0.00057763
                    165,                 4.1719,                 3.2069,                 2.9477,                0.36941,                0.11887,                0.13285,                0.06335,                 5.1875,                 4.1132,                 3.4803,              0.0005735,              0.0005735,              0.0005735
                    166,                  4.273,                 3.2815,                 2.8702,                0.38726,                0.13231,                0.14062,                0.06464,                 5.2506,                 4.1327,                 3.4783,             0.00056938,             0.00056938,             0.00056938
                    167,                 4.2894,                  3.262,                  2.776,                0.21484,                0.16356,                 0.1383,                0.06028,                 5.2546,                 4.1284,                  3.456,             0.00056525,             0.00056525,             0.00056525
                    168,                 4.3571,                  3.317,                 2.8294,                 0.2646,                0.14819,                0.13514,                0.05618,                 5.2435,                 4.0349,                 3.4768,             0.00056112,             0.00056112,             0.00056112
                    169,                 4.3102,                 3.2421,                 2.8819,                0.44723,                0.11885,                0.13888,                0.05932,                 5.1898,                 4.0595,                 3.4445,               0.000557,               0.000557,               0.000557
                    170,                 4.2491,                 3.2585,                 2.8605,                0.20173,                0.17443,                0.14314,                0.06119,                 5.1629,                 3.9749,                 3.4111,             0.00055287,             0.00055287,             0.00055287
                    171,                 4.2381,                 3.3731,                 2.8307,                 0.2103,                0.18309,                0.13728,                0.05475,                 5.1963,                 4.0302,                 3.4255,             0.00054875,             0.00054875,             0.00054875
                    172,                 4.3387,                 3.2179,                 2.8326,                0.20254,                0.16127,                0.13319,                0.05574,                 5.2589,                 4.0495,                 3.4738,             0.00054463,             0.00054463,             0.00054463
                    173,                 4.2584,                 3.2821,                 2.8791,                0.21447,                 0.1398,                0.13586,                 0.0572,                  5.227,                 4.0612,                 3.4304,              0.0005405,              0.0005405,              0.0005405
                    174,                 4.2419,                 3.3302,                 2.8764,                0.23217,                0.14484,                0.13392,                0.05555,                 5.2378,                 4.0583,                 3.4473,             0.00053638,             0.00053638,             0.00053638
                    175,                 4.3523,                 3.1719,                 2.7367,                0.62827,                 0.1194,                0.13695,                 0.0587,                 5.2322,                 4.0595,                 3.4379,             0.00053225,             0.00053225,             0.00053225
                    176,                 4.2481,                 3.3194,                 2.8524,                0.20049,                0.17892,                  0.137,                0.05759,                  5.213,                   4.03,                 3.4047,             0.00052812,             0.00052812,             0.00052812
                    177,                  4.158,                 3.1448,                 2.7936,                0.20238,                0.17415,                 0.1493,                0.07046,                 5.1796,                 4.0803,                 3.3658,               0.000524,               0.000524,               0.000524
                    178,                 4.2579,                 3.2986,                 2.7954,                0.20932,                0.16576,                0.13782,                0.05805,                 5.1621,                 4.0568,                  3.375,             0.00051988,             0.00051988,             0.00051988
                    179,                 4.1872,                 3.1688,                 2.8293,                0.19608,                0.15792,                0.14543,                0.06569,                 5.1234,                 4.0773,                 3.4353,             0.00051575,             0.00051575,             0.00051575
                    180,                  4.119,                 3.1297,                 2.7981,                0.25929,                0.14806,                0.15474,                 0.0723,                   5.09,                  4.101,                 3.4164,             0.00051163,             0.00051163,             0.00051163
                    181,                 4.2145,                 3.1324,                 2.7434,                0.27331,                0.15616,                0.16437,                0.07545,                 5.1352,                 4.1234,                 3.4162,              0.0005075,              0.0005075,              0.0005075
                    182,                 4.1404,                   3.14,                 2.7481,                0.21154,                0.16924,                0.15622,                0.06711,                 5.2248,                  4.105,                 3.4285,             0.00050337,             0.00050337,             0.00050337
                    183,                 4.0509,                 3.0993,                 2.7604,                0.18355,                0.15994,                0.14385,                0.06273,                 5.1935,                 4.0966,                 3.4216,             0.00049925,             0.00049925,             0.00049925
                    184,                 4.2098,                 3.2314,                 2.8607,                0.17757,                0.15388,                0.13634,                0.05974,                 5.2011,                 4.0595,                 3.4174,             0.00049513,             0.00049513,             0.00049513
                    185,                 4.3712,                  3.353,                  2.922,                0.18092,                0.17745,                0.13315,                0.05716,                 5.2039,                 3.9864,                 3.4339,               0.000491,               0.000491,               0.000491
                    186,                 4.1135,                 3.1999,                 2.8244,                0.22066,                0.15739,                0.13108,                0.05513,                 5.2805,                 4.0149,                  3.445,             0.00048687,             0.00048687,             0.00048687
                    187,                 4.1582,                 3.1173,                 2.8015,                0.24922,                0.16631,                 0.1456,                0.06122,                  5.304,                 3.9572,                 3.5269,             0.00048275,             0.00048275,             0.00048275
                    188,                 4.1709,                 3.1035,                 2.8136,                0.23323,                0.16463,                0.13826,                0.05851,                 5.3124,                  3.932,                 3.5587,             0.00047863,             0.00047863,             0.00047863
                    189,                  4.145,                  3.149,                 2.7753,                0.23572,                0.16142,                0.13359,                0.05758,                 5.2451,                 3.9449,                 3.4712,              0.0004745,              0.0004745,              0.0004745
                    190,                 4.1342,                 3.2034,                 2.8255,                0.24456,                0.15571,                0.15159,                 0.0667,                 5.1464,                 4.0246,                 3.4174,             0.00047038,             0.00047038,             0.00047038
                    191,                 4.1354,                 3.2469,                 2.8106,                0.22032,                0.17054,                 0.1398,                 0.0589,                 5.2336,                 4.0256,                 3.4575,             0.00046625,             0.00046625,             0.00046625
                    192,                  4.049,                 2.9621,                 2.5693,                0.21416,                0.16607,                 0.1237,                0.05348,                 5.3006,                 4.0144,                 3.5427,             0.00046212,             0.00046212,             0.00046212
                    193,                 4.1525,                  3.082,                 2.7319,                0.22123,                0.15437,                0.12751,                 0.0568,                  5.247,                 4.0115,                 3.4878,               0.000458,               0.000458,               0.000458
                    194,                 3.8948,                 2.9118,                 2.7224,                0.19676,                0.20384,                0.13789,                0.06151,                 5.1735,                 3.9839,                 3.3921,             0.00045388,             0.00045388,             0.00045388
                    195,                 4.1192,                 3.2925,                 2.8502,                0.17038,                0.16471,                0.13255,                0.06249,                 5.1219,                 3.9111,                 3.3803,             0.00044975,             0.00044975,             0.00044975
                    196,                 3.9485,                 3.0955,                 2.7632,                0.16647,                 0.1806,                0.13057,                0.06259,                 5.0906,                 3.9162,                 3.3357,             0.00044563,             0.00044563,             0.00044563
                    197,                 4.0462,                 3.0087,                 2.7123,                0.19143,                0.19059,                0.12891,                0.06034,                 5.0553,                 3.9841,                 3.3106,              0.0004415,              0.0004415,              0.0004415
                    198,                 4.1196,                 3.2227,                 2.7193,                0.18162,                0.15517,                0.13518,                0.06201,                 5.1398,                  3.945,                 3.4106,             0.00043738,             0.00043738,             0.00043738
                    199,                 4.1173,                 3.0976,                 2.8048,                0.18705,                 0.1353,                0.12641,                0.05724,                 5.0876,                 3.9922,                 3.4508,             0.00043325,             0.00043325,             0.00043325
                    200,                 3.8699,                 3.0522,                 2.7239,                0.16924,                0.17067,                0.12403,                0.05686,                 5.1508,                 3.9934,                 3.4602,             0.00042912,             0.00042912,             0.00042912
                    201,                 3.8734,                 2.9417,                 2.6833,                0.19832,                0.18847,                0.13635,                0.05971,                 5.1259,                  4.079,                 3.4347,               0.000425,               0.000425,               0.000425
                    202,                 4.0042,                 3.0111,                 2.7161,                0.19068,                0.18184,                 0.1465,                0.06449,                 5.1059,                 4.0723,                 3.3933,             0.00042087,             0.00042087,             0.00042087
                    203,                   4.06,                 3.0154,                 2.7685,                0.17846,                0.18484,                0.12778,                0.05591,                  5.029,                   4.04,                 3.3679,             0.00041675,             0.00041675,             0.00041675
                    204,                 3.9429,                 3.0033,                 2.6613,                0.18007,                0.19482,                0.12962,                0.05709,                 4.9664,                  4.086,                  3.348,             0.00041263,             0.00041263,             0.00041263
                    205,                 3.9397,                 2.8478,                 2.6735,                0.20999,                0.19598,                0.13957,                0.06563,                 4.9758,                 3.9957,                 3.3192,              0.0004085,              0.0004085,              0.0004085
                    206,                 3.9359,                 2.9502,                 2.6465,                0.19901,                0.18725,                0.13507,                 0.0604,                 4.9846,                 4.0686,                 3.3474,             0.00040438,             0.00040438,             0.00040438
                    207,                 3.9433,                 3.1385,                  2.845,                0.20592,                0.17779,                0.14174,                0.06304,                 4.9828,                 4.0012,                  3.352,             0.00040025,             0.00040025,             0.00040025
                    208,                 4.0215,                 2.9469,                   2.67,                0.23741,                0.18891,                0.13725,                0.06041,                 4.9885,                 4.0092,                 3.3278,             0.00039613,             0.00039613,             0.00039613
                    209,                 4.1019,                 2.9013,                 2.7197,                0.23585,                 0.2041,                 0.1424,                0.05831,                 5.0441,                 3.9741,                 3.3537,               0.000392,               0.000392,               0.000392
                    210,                 4.0326,                 3.0116,                 2.8155,                0.20425,                 0.1774,                0.13915,                0.05629,                 5.0926,                 4.0026,                 3.3633,             0.00038788,             0.00038788,             0.00038788
                    211,                 4.0306,                 2.9432,                 2.6182,                0.18071,                0.17481,                0.12728,                0.05349,                  5.115,                  4.065,                 3.3675,             0.00038375,             0.00038375,             0.00038375
                    212,                 3.9867,                 2.9125,                 2.5769,                0.15741,                0.15685,                0.12936,                0.05227,                  5.198,                 4.0956,                 3.3798,             0.00037962,             0.00037962,             0.00037962
                    213,                 4.1397,                 3.0055,                 2.6814,                0.18267,                0.18229,                0.13751,                0.05865,                  4.999,                 3.9752,                 3.3269,              0.0003755,              0.0003755,              0.0003755
                    214,                 4.0075,                 3.0023,                 2.7241,                0.18313,                0.20381,                0.13755,                0.05943,                 5.0029,                 3.9436,                 3.3638,             0.00037138,             0.00037138,             0.00037138
                    215,                 3.9922,                 2.9262,                  2.634,                0.19265,                0.18343,                0.13604,                 0.0555,                 5.0128,                 3.9896,                 3.3591,             0.00036725,             0.00036725,             0.00036725
                    216,                 3.8426,                  2.847,                 2.6758,                0.22086,                 0.1955,                0.13095,                0.05348,                 5.0434,                 3.9994,                 3.3988,             0.00036313,             0.00036313,             0.00036313
                    217,                 4.0249,                 2.9404,                 2.7028,                0.21322,                0.18884,                0.13181,                0.05527,                 5.1011,                 4.0276,                  3.447,               0.000359,               0.000359,               0.000359
                    218,                 4.0232,                 2.9273,                 2.6646,                0.22393,                0.18625,                0.14204,                0.05982,                 5.0845,                 4.0905,                 3.4197,             0.00035487,             0.00035487,             0.00035487
                    219,                 3.8902,                 2.9206,                 2.6689,                0.21664,                0.19129,                0.13615,                0.05893,                 5.0779,                 4.0957,                  3.397,             0.00035075,             0.00035075,             0.00035075
                    220,                 3.9329,                 2.8952,                 2.6397,                0.20257,                0.19323,                0.13415,                0.05859,                 5.0259,                 4.1232,                 3.3643,             0.00034663,             0.00034663,             0.00034663
                    221,                 3.9877,                 2.8027,                 2.5859,                0.24988,                0.18217,                0.13308,                0.05788,                 5.0743,                 4.1511,                 3.3508,              0.0003425,              0.0003425,              0.0003425
                    222,                 3.7666,                 2.7618,                 2.5961,                0.25873,                0.15491,                0.13467,                 0.0576,                 5.0299,                  4.098,                  3.365,             0.00033838,             0.00033838,             0.00033838
                    223,                 3.8516,                 2.8871,                 2.6363,                0.26576,                0.16639,                 0.1363,                0.05979,                   5.01,                 4.0715,                  3.315,             0.00033425,             0.00033425,             0.00033425
                    224,                 3.7932,                 2.8071,                  2.655,                0.24976,                0.16862,                0.13262,                0.05769,                 4.9983,                 4.0802,                 3.3389,             0.00033013,             0.00033013,             0.00033013
                    225,                 3.7206,                 2.7565,                 2.6064,                0.19986,                0.16215,                0.12841,                0.05583,                 5.0381,                 4.1219,                 3.4072,               0.000326,               0.000326,               0.000326
                    226,                 3.6883,                 2.6941,                 2.4985,                0.23027,                0.17224,                0.13136,                0.05797,                 5.0808,                 4.1071,                 3.4315,             0.00032188,             0.00032188,             0.00032188
                    227,                 3.7693,                 2.8152,                 2.6979,                0.19253,                0.15288,                0.12645,                0.05534,                 5.1075,                 4.0884,                 3.4502,             0.00031775,             0.00031775,             0.00031775
                    228,                 3.9317,                 2.8445,                 2.6725,                 0.2897,                0.17369,                0.13511,                0.05911,                 5.0942,                 4.1426,                 3.4116,             0.00031362,             0.00031362,             0.00031362
                    229,                 3.7929,                 2.7475,                 2.5762,                0.25582,                0.17699,                  0.137,                0.06108,                 5.1536,                 4.0629,                 3.4315,              0.0003095,              0.0003095,              0.0003095
                    230,                 3.9341,                 3.0008,                 2.7271,                0.26807,                0.18443,                 0.1403,                0.06002,                 5.1657,                 3.9846,                 3.4062,             0.00030538,             0.00030538,             0.00030538
                    231,                 3.9274,                 2.8463,                 2.5709,                0.23099,                0.20128,                0.14472,                0.06394,                  5.117,                 3.9358,                 3.3849,             0.00030125,             0.00030125,             0.00030125
                    232,                 3.8459,                 2.7931,                 2.6187,                0.51301,                0.17531,                0.14544,                0.06413,                 5.0782,                 3.9994,                 3.3846,             0.00029713,             0.00029713,             0.00029713
                    233,                 3.7941,                 2.9154,                  2.634,                0.48079,                0.17504,                0.14167,                0.06323,                 5.0868,                 3.9758,                 3.3789,               0.000293,               0.000293,               0.000293
                    234,                 3.8164,                 2.6843,                 2.5258,                0.25021,                 0.1776,                0.13755,                0.06142,                 5.0622,                  4.032,                 3.3912,             0.00028888,             0.00028888,             0.00028888
                    235,                 3.7699,                 2.7894,                 2.5661,                0.47816,                0.17424,                0.13894,                0.06075,                 5.0604,                 4.0508,                 3.3641,             0.00028475,             0.00028475,             0.00028475
                    236,                 3.9345,                 2.8095,                 2.6155,                0.23217,                0.18512,                 0.1433,                0.06023,                 5.0758,                 4.0198,                 3.3283,             0.00028063,             0.00028063,             0.00028063
                    237,                 4.0568,                 2.9882,                 2.6471,                0.19759,                0.19156,                0.13861,                 0.0578,                 5.0786,                 4.0724,                 3.3435,              0.0002765,              0.0002765,              0.0002765
                    238,                 3.7632,                 2.6813,                 2.5354,                0.50921,                0.15605,                0.13149,                0.05355,                 5.1362,                 4.1082,                 3.3479,             0.00027237,             0.00027237,             0.00027237
                    239,                 3.8735,                 2.7958,                 2.5387,                0.52827,                0.16753,                0.12662,                0.05379,                 5.1748,                 4.1566,                 3.4113,             0.00026825,             0.00026825,             0.00026825
                    240,                 3.7173,                 2.8409,                 2.6184,                0.50194,                0.15253,                0.13129,                0.05441,                 5.1554,                 4.0036,                 3.4466,             0.00026413,             0.00026413,             0.00026413
                    241,                  3.735,                 2.7818,                 2.6596,                 0.2222,                0.17451,                0.13268,                0.05675,                 5.1456,                 4.0697,                 3.4362,                0.00026,                0.00026,                0.00026
                    242,                 3.7395,                 2.7627,                 2.5694,                0.24564,                0.18847,                 0.1406,                0.05876,                 5.1402,                 4.0662,                 3.3921,             0.00025587,             0.00025587,             0.00025587
                    243,                 3.8472,                 2.7873,                   2.66,                0.25317,                0.18343,                0.13669,                0.06081,                 5.1109,                 4.0362,                  3.388,             0.00025175,             0.00025175,             0.00025175
                    244,                 3.7502,                   2.75,                 2.6524,                 0.2171,                 0.1837,                0.13535,                0.06074,                 5.1128,                 4.0613,                 3.3662,             0.00024762,             0.00024762,             0.00024762
                    245,                 3.7702,                 2.6672,                  2.528,                0.21648,                0.16201,                0.13757,                0.06127,                  5.095,                 4.0719,                 3.3705,              0.0002435,              0.0002435,              0.0002435
                    246,                 3.6551,                 2.6866,                 2.5419,                0.21455,                0.16648,                0.13989,                0.05995,                 5.0828,                 4.1817,                 3.3649,             0.00023938,             0.00023938,             0.00023938
                    247,                 3.9155,                  2.808,                  2.538,                0.23523,                0.17363,                 0.1413,                0.05875,                 5.1072,                  4.143,                 3.3632,             0.00023525,             0.00023525,             0.00023525
                    248,                 3.7764,                 2.6554,                 2.6174,                0.23148,                 0.1686,                0.14478,                0.06076,                 5.0579,                 4.1108,                 3.3532,             0.00023112,             0.00023112,             0.00023112
                    249,                 3.7214,                  2.685,                 2.5968,                0.24341,                 0.1686,                0.14673,                0.06256,                  5.032,                 4.0815,                 3.3441,               0.000227,               0.000227,               0.000227
                    250,                  3.744,                 2.7737,                 2.4918,                0.20658,                0.15429,                0.13908,                0.05853,                 5.0989,                 4.0879,                 3.3735,             0.00022288,             0.00022288,             0.00022288
                    251,                 3.7055,                 2.7704,                 2.5976,                0.19746,                0.13275,                 0.1359,                0.06027,                 5.1465,                 4.0967,                 3.3615,             0.00021875,             0.00021875,             0.00021875
                    252,                 3.7614,                 2.8342,                  2.561,                 0.1861,                0.17302,                0.13555,                0.05843,                  5.096,                  4.103,                 3.3366,             0.00021462,             0.00021462,             0.00021462
                    253,                 3.6396,                  2.658,                 2.5088,                0.23827,                0.14629,                0.13304,                0.05791,                 5.0542,                 4.2104,                 3.3315,              0.0002105,              0.0002105,              0.0002105
                    254,                 3.6754,                 2.5915,                 2.4913,                0.23718,                0.16455,                0.13948,                0.05878,                 5.0525,                 4.1961,                 3.3586,             0.00020637,             0.00020637,             0.00020637
                    255,                 3.7215,                 2.7868,                 2.6873,                0.26381,                0.15632,                0.14265,                0.06214,                 5.0369,                 4.1539,                 3.3355,             0.00020225,             0.00020225,             0.00020225
                    256,                 3.7007,                 2.7581,                 2.6128,                0.25289,                0.15967,                0.14246,                0.06204,                 5.0543,                 4.1223,                 3.3436,             0.00019813,             0.00019813,             0.00019813
                    257,                  3.716,                 2.7053,                 2.4977,                0.28277,                0.16858,                0.14197,                0.06155,                 5.0428,                 4.1245,                  3.342,               0.000194,               0.000194,               0.000194
                    258,                 3.8735,                 2.6928,                 2.5476,                0.26187,                 0.1633,                0.14079,                0.06004,                 5.1002,                 4.0157,                 3.3611,             0.00018987,             0.00018987,             0.00018987
                    259,                 3.6669,                 2.6611,                 2.5232,                0.26825,                0.17458,                0.14207,                0.06031,                  5.101,                 3.9872,                 3.3859,             0.00018575,             0.00018575,             0.00018575
                    260,                 3.8524,                 2.7496,                 2.5205,                0.21576,                0.17604,                0.13761,                0.05716,                 5.1214,                 4.0257,                 3.3845,             0.00018163,             0.00018163,             0.00018163
                    261,                 3.5383,                 2.6222,                 2.5481,                0.21759,                0.19287,                0.13275,                0.05491,                 5.1516,                 4.0444,                  3.409,              0.0001775,              0.0001775,              0.0001775
                    262,                 3.7637,                 2.6723,                 2.5372,                0.20488,                0.15571,                0.13466,                0.05662,                  5.147,                 4.0757,                 3.3988,             0.00017338,             0.00017338,             0.00017338
                    263,                 3.7704,                 2.7017,                 2.5048,                0.20892,                0.16356,                 0.1323,                0.05603,                 5.1367,                 4.0428,                 3.3826,             0.00016925,             0.00016925,             0.00016925
                    264,                 3.6125,                 2.6722,                 2.4702,                0.22824,                0.16005,                  0.137,                0.05748,                 5.1228,                 4.0283,                  3.383,             0.00016512,             0.00016512,             0.00016512
                    265,                 3.6818,                 2.6552,                 2.4771,                0.22623,                0.16887,                0.13989,                0.05889,                 5.0835,                 3.9639,                 3.3622,               0.000161,               0.000161,               0.000161
                    266,                 3.8543,                 2.6762,                 2.5794,                0.23336,                 0.1761,                0.14155,                0.05933,                  4.999,                 4.0266,                 3.3405,             0.00015688,             0.00015688,             0.00015688
                    267,                 3.6959,                  2.667,                 2.5278,                0.24585,                0.19209,                0.14229,                0.06225,                 4.9659,                 4.0722,                 3.2925,             0.00015275,             0.00015275,             0.00015275
                    268,                 3.6846,                 2.6161,                 2.5257,                 0.2244,                 0.1937,                0.14115,                0.06255,                  4.956,                 4.1666,                 3.3103,             0.00014862,             0.00014862,             0.00014862
                    269,                  3.647,                 2.6244,                 2.4866,                0.20728,                0.18061,                0.14076,                 0.0619,                 5.0313,                  4.078,                 3.3521,              0.0001445,              0.0001445,              0.0001445
                    270,                 3.6208,                 2.5658,                 2.5494,                 0.2158,                0.19676,                0.14231,                 0.0623,                 5.0285,                   4.09,                  3.353,             0.00014038,             0.00014038,             0.00014038
                    271,                 3.6584,                 2.7324,                 2.5723,                0.26528,                0.17725,                 0.1429,                0.06308,                 5.0348,                 4.0852,                 3.3714,             0.00013625,             0.00013625,             0.00013625
                    272,                 3.6162,                 2.5894,                 2.5305,                0.27771,                0.15826,                0.14301,                0.06408,                 5.0082,                 4.0616,                 3.3431,             0.00013212,             0.00013212,             0.00013212
                    273,                 3.7065,                 2.6879,                 2.5695,                 0.2943,                0.16189,                0.14391,                0.06346,                 4.9601,                 4.0723,                 3.2888,               0.000128,               0.000128,               0.000128
                    274,                  3.543,                 2.5261,                 2.5083,                0.31981,                0.15276,                0.14234,                0.06166,                 5.0317,                 4.1243,                 3.3231,             0.00012387,             0.00012387,             0.00012387
                    275,                 3.6636,                 2.5419,                  2.498,                0.28353,                0.15464,                0.14024,                0.06211,                 4.9956,                 4.0542,                 3.2991,             0.00011975,             0.00011975,             0.00011975
                    276,                  3.548,                 2.5711,                 2.5224,                0.28307,                0.15967,                0.13896,                0.06036,                 5.0261,                 4.0478,                 3.3399,             0.00011563,             0.00011563,             0.00011563
                    277,                 3.6337,                 2.5747,                 2.4747,                0.27119,                0.16665,                0.13983,                0.06182,                 5.0121,                 4.0447,                 3.3346,              0.0001115,              0.0001115,              0.0001115
                    278,                 3.6726,                 2.6517,                 2.5672,                0.27284,                0.15835,                 0.1408,                0.06317,                 5.0031,                 4.0577,                 3.3283,             0.00010737,             0.00010737,             0.00010737
                    279,                 3.6044,                 2.5977,                 2.5562,                 0.2692,                0.16692,                0.14007,                0.06161,                 4.9632,                 4.0468,                 3.3072,             0.00010325,             0.00010325,             0.00010325
                    280,                 3.6324,                 2.5682,                  2.434,                0.26966,                0.16824,                0.14267,                0.06188,                  4.969,                 4.0121,                 3.3183,             9.9125e-05,             9.9125e-05,             9.9125e-05
                    281,                 3.5557,                 2.6537,                 2.5179,                0.20217,                0.17558,                0.13124,                0.05586,                 5.0005,                 4.0876,                 3.3284,                9.5e-05,                9.5e-05,                9.5e-05
